ユーザー名,名,姓,表示名,役職,部署,事業所番号,職場の電話,携帯電話,FAX,連絡用メール アドレス,住所,市区町村,都道府県,郵便番号,国または地域
AdeleV@ctcXXXX.onmicrosoft.com,Adele,Vance,Adele Vance,,,,,,,,,,,,united states
AlexW@ctcXXXX.onmicrosoft.com,Alex,Wilber,Alex Wilber,,,,,,,,,,,,united states
AllanD@ctcXXXX.onmicrosoft.com,Allan,Deyoung,Allan Deyoung,,,,,,,,,,,,united states
BiancaP@ctcXXXX.onmicrosoft.com,Bianca,Pisani,Bianca Pisani,,,,,,,,,,,,united states
DebraB@ctcXXXX.onmicrosoft.com,Debra,Berger,Debra Berger,,,,,,,,,,,,united states
DeliaD@ctcXXXX.onmicrosoft.com,Delia,Dennis,Delia Dennis,,,,,,,,,,,,united states
GradyA@ctcXXXX.onmicrosoft.com,Grady,Archie,Grady Archie,,,,,,,,,,,,united states
MiriamG@ctcXXXX.onmicrosoft.com,Miriam,Graham,Miriam Graham,,,,,,,,,,,,united states
RaulR@ctcXXXX.onmicrosoft.com,Raul,Razo,Raul Razo,,,,,,,,,,,,united states